[Header],,,,,,,,,,
IEMFileVersion,5,,,,,,,,,
Experiment Name,ctTSO210427_29Apr21,,,,,,,,,
Date,29/04/2021,,,,,,,,,
Workflow,GenerateFASTQ,,,,,,,,,
Application,NovaSeq FASTQ Only,,,,,,,,,
Instrument Type,NovaSeq,,,,,,,,,
Assay,TruSeq Nano DNA,,,,,,,,,
Index Adapters,IDT-ILMN Nextera DNA UD Indexes (96 Indexes) Set B,,,,,,,,,
Chemistry,Amplicon,,,,,,,,,
,,,,,,,,,,
[Reads],,,,,,,,,,
151,,,,,,,,,,
151,,,,,,,,,,
,,,,,,,,,,
[Settings],,,,,,,,,
AdapterRead1,AGATCGGAAGAGCACACGTCTGAACTCCAGTCA,,,,,,,,
AdapterRead2,AGATCGGAAGAGCGTCGTGTAGGGAAAGAGTGT,,,,,,,,
AdapterBehavior,trim,,,,,,,,
MinimumTrimmedReadLength,35,,,,,,,,
MaskShortReads,35,,,,,,,,
OverrideCycles,U7N1Y143;I8;I8;U7N1Y143,,,,,,,,
,,,,,,,,,,
[Data],,,,,,,,,,
Sample_ID,Sample_Name,Sample_Plate,Sample_Well,Index_Plate_Well,I7_Index_ID,index,I5_Index_ID,index2,Sample_Project,Description
PRJ200603_L2100345,L2100345,,,UP01,D702,TCCGGAGA,D503,AGGATAGG,UMCCR,Validation
PRJ210056_L2100346,L2100346,,,UP02,D707,CTGAAGCT,D504,TCAGAGCC,UMCCR,Validation
PRJ210008_L2100347,L2100347,,,UP03,D717,CGTAGCTC,D509,CATCCGAA,UMCCR,Validation
PRJ210009_L2100348,L2100348,,,UP04,D706,GAATTCGT,D510,TTATGAGT,UMCCR,Validation
PRJ210010_L2100349,L2100349,,,UP05,D712,AGCGATAG,D513,ACGAATAA,UMCCR,Validation
PRJ210011_L2100350,L2100350,,,UP06,D724,GCGATTAA,D515,GATCTGCT,UMCCR,Validation
PRJ210012_L2100351,L2100351,,,UP07,D705,ATTCAGAA,D501,AGGCTATA,UMCCR,Validation
PRJ210013_L2100352,L2100352,,,UP08,D713,GAATAATC,D502,GCCTCTAT,UMCCR,Validation
PRJ210014_L2100353,L2100353,,,UP09,D715,TTAATCAG,D505,CTTCGCCT,UMCCR,Validation
PRJ210015_L2100354,L2100354,,,UP10,D703,CGCTCATT,D506,TAAGATTA,UMCCR,Validation
PRJ210016_L2100355,L2100355,,,UP11,D710,TCCGCGAA,D517,AGTAAGTA,UMCCR,Validation
PRJ210017_L2100356,L2100356,,,UP12,D701,ATTACTCG,D518,GACTTCCT,UMCCR,Validation
PRJ210018_L2100357,L2100357,,,UP13,D716,ACTGCTTA,D511,AGAGGCGC,UMCCR,Validation
PRJ210019_L2100358,L2100358,,,UP14,D714,ATGCGGCT,D512,TAGCCGCG,UMCCR,Validation
PRJ210020_L2100359,L2100359,,,UP15,D718,GCCTCTCT,D514,TTCGTAGG,UMCCR,Validation
NTC_ctTSO210427VD_L2100360,L2100360,,,UP16,D719,GCCGTAGG,D516,CGCTCCGC,UMCCR,Control
